{"name":"3f4a5ca3-1862-4d7e-82fb-a577d0f8e9b4","id":"/providers/Microsoft.Flow/flows/3f4a5ca3-1862-4d7e-82fb-a577d0f8e9b4","type":"Microsoft.Flow/flows","properties":{"apiId":"/providers/Microsoft.PowerApps/apis/shared_logicflows","displayName":"Generate Navigation JSON","definition":{"metadata":{"workflowEntityId":null,"flowclientsuspensionreason":"None","flowclientsuspensiontime":null,"creator":{"id":"cf93fb40-99d8-42f0-b969-938c3dd91212","type":"User","tenantId":"624a135b-da95-4594-99f5-db334627177a"},"provisioningMethod":"FromDefinition","failureAlertSubscription":true,"clientLastModifiedTime":"2020-08-26T11:45:58.7496747Z"},"$schema":"https://schema.management.azure.com/providers/Microsoft.Logic/schemas/2016-06-01/workflowdefinition.json#","contentVersion":"1.0.0.0","parameters":{"$connections":{"defaultValue":{},"type":"Object"},"$authentication":{"defaultValue":{},"type":"SecureObject"}},"triggers":{"manual":{"type":"Request","kind":"Http","inputs":{"schema":{"type":"object","properties":{}}}}},"actions":{"Get_Level_1_Items":{"runAfter":{},"metadata":{"flowSystemMetadata":{"swaggerOperationId":"GetItems"}},"type":"ApiConnection","inputs":{"host":{"connection":{"name":"@parameters('$connections')['shared_sharepointonline']['connectionId']"},"api":{"runtimeUrl":"https://unitedstates-002.azure-apim.net/apim/sharepointonline"}},"method":"get","path":"/datasets/@{encodeURIComponent(encodeURIComponent('https://derekcp.sharepoint.com/sites/TheLandingAdmin'))}/tables/@{encodeURIComponent(encodeURIComponent('05344da1-c6c5-42e5-8b61-aef698f9b84f'))}/items","queries":{"$orderby":"Order0"},"authentication":"@parameters('$authentication')"}},"Iterate_Level_1_Items":{"foreach":"@body('Get_Level_1_Items')?['value']","actions":{"Get_Level_2_Items":{"runAfter":{},"metadata":{"flowSystemMetadata":{"swaggerOperationId":"GetItems"}},"type":"ApiConnection","inputs":{"host":{"connection":{"name":"@parameters('$connections')['shared_sharepointonline']['connectionId']"},"api":{"runtimeUrl":"https://unitedstates-002.azure-apim.net/apim/sharepointonline"}},"method":"get","path":"/datasets/@{encodeURIComponent(encodeURIComponent('https://derekcp.sharepoint.com/sites/TheLandingAdmin'))}/tables/@{encodeURIComponent(encodeURIComponent('511b2c61-2d8e-4df5-9a8b-677cd74c1171'))}/items","queries":{"$filter":"L1Parent/Id eq @{items('Iterate_Level_1_Items')?['ID']}","$orderby":"Order0"},"authentication":"@parameters('$authentication')"}},"L2_List_Item_JSON":{"runAfter":{"Get_Level_2_Items":["Succeeded"]},"type":"ParseJson","inputs":{"content":"@body('Get_Level_2_Items')","schema":{"type":"object","properties":{"value":{"type":"array","items":{"type":"object","properties":{"@@odata.etag":{"type":"string"},"ItemInternalId":{"type":"string"},"ID":{"type":"integer"},"Title":{"type":"string"},"URL":{"type":"string"},"Order0":{"type":"integer"},"L1Parent":{"type":"object","properties":{"@@odata.type":{"type":"string"},"Id":{"type":"integer"},"Value":{"type":"string"}}},"L1Parent#Id":{"type":"integer"},"L1Parent_x003a_Title":{"type":"object","properties":{"@@odata.type":{"type":"string"},"Id":{"type":"integer"},"Value":{"type":"string"}}},"L1Parent_x003a_Title#Id":{"type":"integer"},"Modified":{"type":"string"},"Created":{"type":"string"},"Author":{"type":"object","properties":{"@@odata.type":{"type":"string"},"Claims":{"type":"string"},"DisplayName":{"type":"string"},"Email":{"type":"string"},"Picture":{"type":"string"},"Department":{},"JobTitle":{}}},"Author#Claims":{"type":"string"},"Editor":{"type":"object","properties":{"@@odata.type":{"type":"string"},"Claims":{"type":"string"},"DisplayName":{"type":"string"},"Email":{"type":"string"},"Picture":{"type":"string"},"Department":{},"JobTitle":{}}},"Editor#Claims":{"type":"string"},"{Identifier}":{"type":"string"},"{IsFolder}":{"type":"boolean"},"{Thumbnail}":{"type":"object","properties":{"Large":{},"Medium":{},"Small":{}}},"{Link}":{"type":"string"},"{Name}":{"type":"string"},"{FilenameWithExtension}":{"type":"string"},"{Path}":{"type":"string"},"{HasAttachments}":{"type":"boolean"},"{VersionNumber}":{"type":"string"}},"required":["@@odata.etag","ItemInternalId","ID","Title","URL","Order0","L1Parent","L1Parent#Id","L1Parent_x003a_Title","L1Parent_x003a_Title#Id","Modified","Created","Author","Author#Claims","Editor","Editor#Claims","{Identifier}","{IsFolder}","{Thumbnail}","{Link}","{Name}","{FilenameWithExtension}","{Path}","{HasAttachments}","{VersionNumber}"]}}}}}},"Level_2_Children":{"runAfter":{"L2_List_Item_JSON":["Succeeded"]},"type":"Select","inputs":{"from":"@body('L2_List_Item_JSON')?['value']","select":{"name":"@item()?['Title']","url":"@item()?['URL']"}}},"Add_Nav_Item_to_Header_Links_Array":{"runAfter":{"Update_NavItemObject_Children":["Succeeded"]},"type":"AppendToArrayVariable","inputs":{"name":"NavigationArray","value":"@variables('NavItemObject')"}},"Set_URL_Property":{"runAfter":{"Update_NavItemObject_Title":["Succeeded"]},"type":"Compose","inputs":"@setProperty(variables('NavItemObject'),'url',items('Iterate_Level_1_Items')?['URL'])"},"Set_Children_Property":{"runAfter":{"Update_NavItemObject_URL":["Succeeded"]},"type":"Compose","inputs":"@setProperty(variables('NavItemObject'),'children',body('Level_2_Children'))"},"Set_Title_Property":{"runAfter":{"Level_2_Children":["Succeeded"]},"type":"Compose","inputs":"@setProperty(variables('NavItemObject'),'name',items('Iterate_Level_1_Items')?['Title'])"},"Update_NavItemObject_Title":{"runAfter":{"Set_Title_Property":["Succeeded"]},"type":"SetVariable","inputs":{"name":"NavItemObject","value":"@outputs('Set_Title_Property')"}},"Update_NavItemObject_URL":{"runAfter":{"Set_URL_Property":["Succeeded"]},"type":"SetVariable","inputs":{"name":"NavItemObject","value":"@outputs('Set_URL_Property')"}},"Update_NavItemObject_Children":{"runAfter":{"Set_Children_Property":["Succeeded"]},"type":"SetVariable","inputs":{"name":"NavItemObject","value":"@outputs('Set_Children_Property')"}}},"runAfter":{"Initialize_Navigation_Array":["Succeeded"]},"type":"Foreach"},"Initialize_Nav_Item_Object":{"runAfter":{"Get_Level_1_Items":["Succeeded"]},"type":"InitializeVariable","inputs":{"variables":[{"name":"NavItemObject","type":"Object","value":{"name":"","url":"#","children":[]}}]}},"Initialize_Navigation_Array":{"runAfter":{"Initialize_Navigation_JSON_Object":["Succeeded"]},"type":"InitializeVariable","inputs":{"variables":[{"name":"NavigationArray","type":"Array"}]}},"Initialize_Navigation_JSON_Object":{"runAfter":{"Initialize_Nav_Item_Object":["Succeeded"]},"type":"InitializeVariable","inputs":{"variables":[{"name":"NavObject","type":"Object","value":{"headerLinks":[],"footerLinks":[]}}]}},"Update_NavObject_HeaderLinks":{"runAfter":{"Set_HeaderLinks_property_on_NavObject":["Succeeded"]},"type":"SetVariable","inputs":{"name":"NavObject","value":"@outputs('Set_HeaderLinks_property_on_NavObject')"}},"Set_HeaderLinks_property_on_NavObject":{"runAfter":{"Iterate_Level_1_Items":["Succeeded"]},"type":"Compose","inputs":"@setProperty(variables('NavObject'), 'headerLinks', variables('NavigationArray'))"},"Add_File_To_SharePoint":{"runAfter":{"Update_NavObject_HeaderLinks":["Succeeded"]},"metadata":{"flowSystemMetadata":{"swaggerOperationId":"CreateFile"}},"type":"ApiConnection","inputs":{"host":{"connection":{"name":"@parameters('$connections')['shared_sharepointonline']['connectionId']"},"api":{"runtimeUrl":"https://unitedstates-002.azure-apim.net/apim/sharepointonline"}},"method":"post","body":"@variables('NavObject')","path":"/datasets/@{encodeURIComponent(encodeURIComponent('https://derekcp.sharepoint.com/sites/TheLanding'))}/files","queries":{"folderPath":"/Style Library","name":"HeaderFooterData.json.txt","queryParametersSingleEncoded":true},"authentication":"@parameters('$authentication')"}}},"outputs":{}},"connectionReferences":{"shared_sharepointonline":{"connectionName":"shared-sharepointonl-f5530182-ee60-4ed3-931f-956c98cbb4e5","source":"Embedded","id":"/providers/Microsoft.PowerApps/apis/shared_sharepointonline","tier":"NotSpecified"}},"flowFailureAlertSubscribed":false}}