{"name":"4b243df8-e8a9-42e5-8f50-83817abd6afd","id":"/providers/Microsoft.Flow/flows/4b243df8-e8a9-42e5-8f50-83817abd6afd","type":"Microsoft.Flow/flows","properties":{"apiId":"/providers/Microsoft.PowerApps/apis/shared_logicflows","displayName":"L1 Nav Created-Modified Trigger","definition":{"metadata":{"workflowEntityId":null,"flowclientsuspensionreason":"None","flowclientsuspensiontime":null,"creator":{"id":"cf93fb40-99d8-42f0-b969-938c3dd91212","type":"User","tenantId":"624a135b-da95-4594-99f5-db334627177a"},"provisioningMethod":"FromDefinition","failureAlertSubscription":true,"clientLastModifiedTime":"2020-08-26T11:30:37.1217446Z"},"$schema":"https://schema.management.azure.com/providers/Microsoft.Logic/schemas/2016-06-01/workflowdefinition.json#","contentVersion":"1.0.0.0","parameters":{"$connections":{"defaultValue":{},"type":"Object"},"$authentication":{"defaultValue":{},"type":"SecureObject"}},"triggers":{"When_an_item_is_created_or_modified":{"recurrence":{"frequency":"Minute","interval":3},"splitOn":"@triggerBody()?['value']","metadata":{"flowSystemMetadata":{"swaggerOperationId":"GetOnUpdatedItems"}},"type":"ApiConnection","inputs":{"host":{"connection":{"name":"@parameters('$connections')['shared_sharepointonline']['connectionId']"},"api":{"runtimeUrl":"https://unitedstates-002.azure-apim.net/apim/sharepointonline"}},"method":"get","path":"/datasets/@{encodeURIComponent(encodeURIComponent('https://derekcp.sharepoint.com/sites/TheLandingAdmin'))}/tables/@{encodeURIComponent(encodeURIComponent('05344da1-c6c5-42e5-8b61-aef698f9b84f'))}/onupdateditems","authentication":"@parameters('$authentication')"}}},"actions":{"HTTP":{"runAfter":{},"type":"Http","inputs":{"method":"POST","uri":"https://prod-41.westus.logic.azure.com:443/workflows/a4018c9822344a14963f2b47b0d0ba5e/triggers/manual/paths/invoke?api-version=2016-06-01&sp=%2Ftriggers%2Fmanual%2Frun&sv=1.0&sig=C9gypPM8f-5_fQ3feUOpS9VSlvlMCQsPZ2Q5mJR-t3A"}}}},"connectionReferences":{"shared_sharepointonline":{"connectionName":"shared-sharepointonl-f5530182-ee60-4ed3-931f-956c98cbb4e5","source":"Embedded","id":"/providers/Microsoft.PowerApps/apis/shared_sharepointonline","tier":"NotSpecified"}},"flowFailureAlertSubscribed":false}}