{
  "$schema": "https://schema.management.azure.com/schemas/2019-04-01/deploymentParameters.json#",
  "contentVersion": "1.0.0.0",
  "parameters": {
    "appServiceName": {
      "value": "testbot1-svc"
    },
    "existingAppServicePlanName": {
      "value": ""
    },
    "existingAppServicePlanLocation": {
      "value": ""
    },
    "newAppServicePlanName": {
      "value": "testbot1-svcplan"
    },
    "newAppServicePlanLocation": {
      "value": "East US"
    },
    "newAppServicePlanSku": {
      "value": {
        "name": "S1",
        "tier": "Standard",
        "size": "S1",
        "family": "S",
        "capacity": 1
      }
    },
    "appType": {
      "value": "UserAssignedMSI"
    },
    "appId": {
      "value": "1332495e-08eb-453f-a6b6-ba26d9c59462"
    },
    "appSecret": {
      "value": ""
    },
    "UMSIName": {
      "value": "testbot1-ident"
    },
    "UMSIResourceGroupName": {
      "value": "testbot1-rg"
    },
    "tenantId": {
      "value": "b74c9c1a-eac0-4cb9-8059-ec4175f946a4"
    }
  }
}